"matrix","time","row","col","value"
"I",15,0,0,3.83326260647648
"R",15,0,0,3.06319055601829
"S",15,0,0,93.1035468375052
